{
  "title": "Pedra Hanksita - Aprenda Sobre Esse Mineral",
  "date": "2023-02-13T22:30:53.192Z",
  "thumbnail": "https://www.cristaisdecurvelo.com.br/product_images/uploaded_images/1kunzitas-700.jpg",
  "description": "\nA hanksita é geralmente encontrada em rochas ígneas ou metamórficas e é conhecida por sua cor marrom escura ou cinza. No entanto, sua aparência e características físicas são semelhantes às de outras espécies de silicatos, o que pode tornar difícil a sua identificação.\n\n",
  "body": "## \\- História da Pedra Hanksita\n\nHanksita é uma homenagem à Henry Garber Hanks, primeiro mineralogista do estado da Califórnia. País de origem: Estados Unidos (Califórnia). Acessada por meio do chakra das vidas passadas e do chakra do soma, a Hanksita recupera o verdadeiro poder feminino e a intuição. Ela combina particularmente bem com os cristais Semene Lemuriana. Henry representou a Califórnia como seu comissário mineral e os Estados Unidos como seu superintendente mineral na [Exposição de Paris de 1878](https://en-m-wikipedia-org.translate.goog/wiki/1878_Paris_Exposition?_x_tr_sl=en&_x_tr_tl=pt&_x_tr_hl=pt-BR&_x_tr_pto=sc \"Exposição de Paris de 1878\") . Após a reorganização da [State Geological Society](https://en-m-wikipedia-org.translate.goog/w/index.php?title=California_State_Geological_Society&action=edit&redlink=1&_x_tr_sl=en&_x_tr_tl=pt&_x_tr_hl=pt-BR&_x_tr_pto=sc \"California State Geological Society (página inexistente)\") como parte do [State Mining Bureau](https://en-m-wikipedia-org.translate.goog/w/index.php?title=California_State_Mining_Bureau&action=edit&redlink=1&_x_tr_sl=en&_x_tr_tl=pt&_x_tr_hl=pt-BR&_x_tr_pto=sc \"California State Mining Bureau (página inexistente)\") em 16 de abril de 1880,  Henry foi escolhido pelo [governador Perkins](https://en-m-wikipedia-org.translate.goog/wiki/George_Clement_Perkins?_x_tr_sl=en&_x_tr_tl=pt&_x_tr_hl=pt-BR&_x_tr_pto=sc \"George Clement Perkins\") em 15 de maio para chefiar a nova organização como o primeiro [mineralogista](https://en-m-wikipedia-org.translate.goog/wiki/Mineralogy?_x_tr_sl=en&_x_tr_tl=pt&_x_tr_hl=pt-BR&_x_tr_pto=sc \"Mineralogia\") do estado da Califórnia .Com sede em San Francisco, ele foi responsável pela inspeção e classificação de espécimes geológicos submetidos ao departamento, além de fornecer estudos, relatórios anuais e várias publicações especiais.  [ Tomando conta da coleção](https://en-m-wikipedia-org.translate.goog/wiki/California_State_Mineral_Collection?_x_tr_sl=en&_x_tr_tl=pt&_x_tr_hl=pt-BR&_x_tr_pto=sc \"Coleção de minerais do estado da Califórnia\") da antiga sociedade geológica e outras propriedades, ele estabeleceu um [museu](https://en-m-wikipedia-org.translate.goog/wiki/California_State_Mining_and_Mineral_Museum?_x_tr_sl=en&_x_tr_tl=pt&_x_tr_hl=pt-BR&_x_tr_pto=sc \"Museu de Minas e Minerais do Estado da Califórnia\") público e uma biblioteca. Ele serviu até 1886 com um salário de [$](https://en-m-wikipedia-org.translate.goog/wiki/USD?_x_tr_sl=en&_x_tr_tl=pt&_x_tr_hl=pt-BR&_x_tr_pto=sc \"USD\") 3.000 por ano. Ele foi responsável pelas exposições de minerais da Califórnia e dos Estados Unidos nas [Feiras Mundiais ](https://en-m-wikipedia-org.translate.goog/wiki/1893_Chicago_World%27s_Fair?_x_tr_sl=en&_x_tr_tl=pt&_x_tr_hl=pt-BR&_x_tr_pto=sc \"Feira Mundial de Chicago de 1893\")[de Nova Orleans de 1884](https://en-m-wikipedia-org.translate.goog/wiki/1884_New_Orleans_World%27s_Fair?_x_tr_sl=en&_x_tr_tl=pt&_x_tr_hl=pt-BR&_x_tr_pto=sc \"Feira Mundial de Nova Orleans de 1884\") e Chicago de 1893 .Henry G. Hanks foi o homônimo de [hanksite](https://en-m-wikipedia-org.translate.goog/wiki/Hanksite?_x_tr_sl=en&_x_tr_tl=pt&_x_tr_hl=pt-BR&_x_tr_pto=sc \"Hanksite\") , um [mineral de sulfato](https://en-m-wikipedia-org.translate.goog/wiki/Sulfate_minerals?_x_tr_sl=en&_x_tr_tl=pt&_x_tr_hl=pt-BR&_x_tr_pto=sc \"minerais de sulfato\") identificado por [William Earl Hidden](https://en-m-wikipedia-org.translate.goog/w/index.php?title=William_Earl_Hidden&action=edit&redlink=1&_x_tr_sl=en&_x_tr_tl=pt&_x_tr_hl=pt-BR&_x_tr_pto=sc \"William Earl Hidden (a página não existe)\") com base em um espécime de [Searles Lake](https://en-m-wikipedia-org.translate.goog/wiki/Searles_Lake?_x_tr_sl=en&_x_tr_tl=pt&_x_tr_hl=pt-BR&_x_tr_pto=sc \"Lago Searles\") , na Califórnia, em 1885. \n\n[![pedra-hankisite-na-cristaisdecurvelo-.jpg](https://www.cristaisdecurvelo.com.br/product_images/uploaded_images/pedra-hankisite-na-cristaisdecurvelo-.jpg \"Pedra Hankisite bruta na cristaisdecurvelo\")](https://www.cristaisdecurvelo.com.br/buscas.php?search_query=Pedra+Hankisita \"Pedra Hankisita Bruta na cristaisdecurvelo\")\n\n## \\- Cor da Pedra Hanksita\n\nCor: Verde, cinza, branco, marrom, amarelo. Tem aparência translúcido. oleoso ou pulverulento, com inclusões de argila.\n\n**Gostou da Pedra Hanksita? Você pode ver mais fotos no link abaixo:**\n\n[https://www.cristaisdecurvelo.com.br/buscas.php?search_query=Pedra+Hankisita](https://www.cristaisdecurvelo.com.br/buscas.php?search_query=Pedra+Hankisita \"Pedra Hankisita Bruta na Cristaisdecurvelo\")\n\n## \\- Crenças e mitos - Esoterismo da Pedra Hanksita\n\nHanksita considerada com a pedra da verdade. Tira o véu que te impede de enxergar a verdade, combate a ilusão. Ajuda no auto conhecimento, ter consciência de quem realmente você é e qual o seu propósito de vida.\n\nLibera o passado e facilita o auto perdão. Possui forte energia espiritual, facilita o acesso as dimensões mais elevadas. Promove insights. Aumento o fluxo energético, a percepção e a consciência.\n\n## \\- Efeitos terapêuticos da Pedra Hanksita\n\nEquilibra o Sistema Cardiovascular . Em nível físicocelualr e doenças nesta área,especialmente a anemia aplástica, útil na regeneração dos tecidos em geral. ùtil em casos de retenção de líquidos,problemas intestinais, gripes e problemas respiratórios causados pro excesso de catarro ou inflamação, ajuda na desintoxicação, a memória celular e o metabolismo.\n\n## \\- Curiosidades da Pedra Hanksita\n\nFunção principal: Conhecimento ancestral e poder. Sistema cristalino: Hexagonal. Classe: Sulfato. Dureza: 3,0 a 3,5. . Signo: Touro. Planeta: Terra. Essa pedra elimina a raiva, o ciúme, ressentimentos ou manipilações do passado e transmuta seus efeeitos no corpo físico, estabilizando as oscilações de humor. Eliminando impurezas e criando equilíbrio interior, ela ajuda você a entrar em sintonia com o com a orientação do seu eu espiritual. Recriando um estado espirituoso e inocente típico da criança interior*, a Hnksita também pode trazer à tona medos infantis e parecer fria e repulsiva.\n\n## \\- Indicações de uso da Pedra Hanksita\n\nColoque-a nos pés. use-a para gradeamenro (arte de dispor pedras para criar uma malha energética que proteja e energize o ambiente) numa estrela de Davi, com um Elestial Enfumação no centro para eliminar a toxicidade, ou use-a como estabilizador de um cristal lemuriano. Se tiver dor de cabeça ou náuseas, proteje a energia para dentro de um Quartzo enfumaçado posicionado sobre o chakra da Terra. Dissolve quando molhada. Mantenha_a seca e limpa dentro de uma tigela com arroz cru.\n\n## \\- Onde comprar da Pedra Hanksita\n\n[https://www.cristaisdecurvelo.com.br/buscas.php?search_query=Pedra+Hankisita](https://www.cristaisdecurvelo.com.br/buscas.php?search_query=Pedra+Hankisita \"Pedra Hnkisita Bruta na Cristaisdecurvelo\")\n\n## \\- Formatos (lapidações) que da Pedra Hanksita pode ser encontrada\n\nEm ornamentação para o ambiente, pirâmides, drusas, pontas e outras, como adornos unissex.\n\n**Veja mais pedras no site abaixo:**\n\n[https://www.cristaisdecurvelo.com.br/buscas.php?search_query=Pedra+Hankisita](https://www.cristaisdecurvelo.com.br/buscas.php?search_query=Pedra+Hankisita \"Veja mais Pedra Hankisita na Cristaisdecurvelo\")\n\n<!--EndFragment-->",
  "meta_title": "Pedra Hanksita aprenda tudo sobre este mineral fantastico",
  "meta_description": "É uma pedra encontrada nas profundezas dos lodaçais e simboliza a sabedoria à espera de ser libertada das impurezas do passado. ",
  "sections": []
}