{
  "date": "2023-02-13T22:34:24.372Z",
  "description": "A analcita é geralmente encontrada em rochas ígneas ou metamórficas e pode apresentar uma cor branca, cinza ou amarela. É um mineral de dureza moderada, com fratura conchoidal e brilho vítreo.",
  "title": "Pedra analcita aprenda tudo agora definição e curiosidade",
  "thumbnail": "https://www.cristaisdecurvelo.com.br/product_images/uploaded_images/pedra-analcita-bruta.jpg",
  "body": "<!--StartFragment-->\n\nA pedra analcita pode ser encontrada em locais de mineração de todo o mundo, incluindo na África do Sul, Japão, Noruega, Suíça, Estados Unidos e em outros lugares. A disponibilidade de minerais depende de muitos fatores, incluindo a exploração mineral, a extração e a comercialização, e pode mudar ao longo do tempo.\n\n1. Estados Unidos A\n2. África do Sul\n3. Japão\n4. Noruega\n5. B﻿rasil\n\n<!--EndFragment-->\n\n1. Nome químico: NaAlSi2O6\n2. Grupo: Silicatos\n3. Sistema Cristalino\n4. Cor: Branco, cinza ou amarelo claro\n5. Brilho: Vítreo\n6. Ocorrência: Em rochas ígneas e metamórficas\n\n<!--EndFragment-->\n\n<!--StartFragment-->\n\nU﻿so na Joalheria\n\nAo escolher uma peça de joalheria que contém analcita, é importante considerar a qualidade da pedra, incluindo sua clareza, cor e tamanho, bem como a qualidade da fabricação e acabamento da peça.\n\n<!--StartFragment-->\n\n[![pedra-analcime-bruta-na-cristaisdecurvelo.jpg](https://www.cristaisdecurvelo.com.br/product_images/uploaded_images/pedra-analcime-bruta-na-cristaisdecurvelo.jpg \"Pedra Analcime Bruta na Cristaisdecurvelo\")](https://www.cristaisdecurvelo.com.br/buscas.php?search_query=analcita \"Pedra Analcite Bruta na Cristaisdecurvelo\")\n\n<!--EndFragment-->\n\n<!--StartFragment-->\n\n## \\- Efeitos terapêuticos da Pedra Analcita ou Analcite\n\nEste mineral ativa o sistema imunológico, limpa o sangue, o sistema linfático, o sistema glandular, limpa e ativa o sistema celular, equilibra o pH do corpo e regula os níveis de açúcar no sangue.\n\n## \\- Curiosidades da Pedra Analcita ou Analcite\n\nAnalcite, analcita, analcima ou analcime é um mineral translucente de cor esbranquiçada a cinzenta, pertencente à classe dos tectossilicatos feldspatóides, constituído por silicato hidratado de sódio e alumínio, com a fórmula química NaAlSi₂O₆·H₂O. \n\n\n\n## \\- Indicações de uso da Pedra Analcita ou Analcite\n\nAs principais aplicações da analcite estão relacionadas com a sua estrutura: a existência de espaços ou poros permite utilizá-la para filtrar substâncias. É utilizada como filtro molecular, na descontaminação de solos, como nutriente para animais e como fertilizante.\n\n## \\- Onde encontrar a Pedra Analcita ou Analcite \n\n[https://www.cristaisdecurvelo.com.br/buscas.php?search_query=analcita](https://www.cristaisdecurvelo.com.br/buscas.php?search_query=analcita \"Pedra Analcime na Cristaisdecurvelo\")\n\n## \\- Formatos (lapidações) que a Pedra Analcita ou Analcite pode ser encontrada\n\nMineral cúbico, branco ou incolor, é também usado como gema em joalheria e tem a característica de adquirir pouca energia elétrica pela fricção. Utilização em joalheria. Lapidada em facetas quando ela é transparente ou em cabochão quando ela é translucida. Ela e uma pedra de coleção. \n\n \n\n**Sabia que você pode ter um exemplar da Pedra Analcita? A CristaisdeCurvelo tem os melhores preços, confira abaixo:**\n\n[https://www.cristaisdecurvelo.com.br/buscas.php?search_query=analcita](https://www.cristaisdecurvelo.com.br/buscas.php?search_query=analcita \"Veja mais pedras na Cristaisdecurvelo\")\n\n<!--EndFragment-->\n\n​",
  "meta_title": "A analcita é geralmente encontrada em rochas ígneas ou metamórficas e pode apresentar uma cor branca, cinza ou amarela",
  "meta_description": "Mineral cúbico, branco ou incolor, é também usado como gema em joalheria e tem a característica de adquirir pouca energia elétrica pela fricção. Utilização em joalheria. Lapidada em facetas quando ela é transparente ou em cabochão quando ela é translucida. Ela e uma pedra de coleção. "
}