{
  "title": "Blog Da loja Sojoias aqui vc aprende sobre joias em pedra",
  "meta_title": "Blog Da loja Sojoias aqui vc aprende sobre joias em pedra",
  "meta_description": "Este é um blog dedicado a joias feitas com pedras naturais, onde você encontrará informações úteis e interessantes sobre as diferentes variedades de pedras preciosas e semipreciosas utilizadas na produção de joias, bem como dicas de cuidados e conservação das mesmas. Aqui você poderá se inspirar com fotos e exemplos de lindas peças de joalheria, além de aprender sobre as técnicas de lapidação e produção de joias com pedras naturais. Se você ama joias exclusivas e quer saber mais sobre o fascinante mundo das pedras naturais, este é o lugar certo para você!",
  "sections": [
    {
      "type": "breadcrumbs",
      "enabled": true
    },
    {
      "type": "page-title",
      "title": "Sojoias joias em pedra natural com menor preço",
      "description": "Este é um blog dedicado a joias feitas com pedras naturais, onde você encontrará informações úteis e interessantes sobre as diferentes variedades de pedras preciosas e semipreciosas utilizadas na produção de joias, bem como dicas de cuidados e conservação das mesmas. Aqui você poderá se inspirar com fotos e exemplos de lindas peças de joalheria, além de aprender sobre as técnicas de lapidação e produção de joias com pedras naturais. Se você ama joias exclusivas e quer saber mais sobre o fascinante mundo das pedras naturais, este é o lugar certo para você!"
    },
    {
      "type": "blog",
      "enabled": true
    }
  ]
}